z,ra,dec,plateid,mjd,fiberid
0.10060976445674896,184.03066,-2.2382793,332,52367,639
